title,price,rating,reviews,ingredients
Neutrogena Sunscreen SPF 50+ - 80.0 grams Oil,540.,4.4 out of 5 stars,"14,303 ratings","Water, Homosalate, Ethylhexyl Salicylate, Benzophenone-3, Octocrylene, Butyl Methoxydibenzoylmethane, Silica, Styrene/Acrylates Copolymer, Potassium Cetyl, Phosphate, Beeswax, Glyceryl Stearate, PEG-100 Stearate, Cetyl Dimethicone, Caprylyl Methicone, Dimethicone, Ethylhexyglycerin, Behenyl Alcohol, Sodium Polyacrylate, Xanthan Gum, Dimethicone/PEG-10/15 Crosspolymer, Acrylates/C12-22 Alkyl Methacrylate Copolymer, Fragrance, Disodium EDTA, Ethylhexyl Stearate, BHT, Trideceth-6, Polyaminopropyl Biguanide, Methylisothiazolinone, Diethylhexyl 2, 6-Naphthalate."
"The Derma Co 1% Hyaluronic Sunscreen Aqua Ultra Light Gel with SPF 50 PA++++ For Broad Spectrum, UV A, UV B & Blue Light Protection - 50g(dermaco)",408.,4.3 out of 5 stars,"7,752 ratings","Aqua, C12-15 Alkyl Benzoate, Ethylhexyl Methoxycinnamate, Dimethicone, Sodium Acrylates Copolymer, Butyl Methoxydibenzoylmethane, Hyaluronic Acid, Glycerin, Benzophenone-3, 1,3 Butylene glycol, Phenoxyethanol, Lecithin, Aloe Barbadensis (Aloe Vera) Leaf Juice, Xylitol, Glucose, Sodium Levulinate, Phospholipids, Propylene Glycol, Ethoxydiglycol, Anhydroxylitol, Oxothiazolidine, Helianthus Annuus (Sunflower) Seed Oil, Glyceryl Stearate, Allantoin, D-Alpha Tocopheryl Acetate, Phoenix Dactylifera Extract, Vaccinum Sect , Cyanococcus (Blueberry) Fruit Extract , Citrus Paradisi (Grapefruit) Extract, Zinc Oxide, Cyclopentasiloxane, PEG-10 Dimethicone, E-Ascorbic Acid, C9-12 Alkane, Hydrogen Dimethicone, Titanium Dioxide, Aluminum Hydroxide and Polyhydroxystearic Acid."
"Neutrogena Ultra sheer Sunscreen, SPF 50+, Ultra light, for oily and dry skin, 30ml",234.,4.2 out of 5 stars,"49,787 ratings","Water, Homosalate, Ethylhexyl Salicylate, Benzophenone-3, Octocrylene, Butyl Methoxydibenzoylmethane, Silica, Styrene/Acrylates Copolymer, Potassium Cetyl, Phosphate, Beeswax, Glyceryl Stearate, PEG-100 Stearate, Cetyl Dimethicone, Caprylyl Methicone, Dimethicone, Ethylhexyglycerin, Behenyl Alcohol, Sodium Polyacrylate, Xanthan Gum, Dimethicone/PEG-10/15 Crosspolymer, Acrylates/C12-22 Alkyl Methacrylate Copolymer, Fragrance, Disodium EDTA, Ethylhexyl Stearate, BHT, Trideceth-6, Polyaminopropyl Biguanide, Methylisothiazolinone, Diethylhexyl 2, 6-Naphthalate."
"Lakme Sun Expert SPF 24 PA++ Ultra Matte Sunscreen Lotion 50 ml, Daily Light Sun Protect Cream for Face - Sun Block for All Skin Types, Men & Women",157.,4.1 out of 5 stars,507 ratings,"Octayl salicilate, Phenyl benzymidazole sulphonic acid, Lemon grass & Cucumber extracts"
Minimalist Sunscreen SPF 50 Lightweight with Multi-Vitamins | No White Cast | Broad Spectrum PA ++++ | For Women & Men | 50g,379.,4.1 out of 5 stars,"11,135 ratings","Aqua, Octocrylene, Diisopropyl Adipate, Propylene Glycol Dicaprylate/Dicaprate, C12-15 Alkyl Benzoate, Diisopropyl Sebacate, Butyl Methoxydibenzoylmethane, Isododecane, Niacinamide, Arachidyl Alcohol, Behenyl Alcohol, Arachidyl Glucoside, Caprylic/Capric Triglyceride, Titanium Dioxide, Ethylhexyl Triazone, PEG-100 Stearate, Glyceryl Stearate, Butylene Glycol, Linoleic Acid, Linolenic Acid, Panthenol, Sodium Hyaluronate, Allantoin, Tocopherol Acetate, Retinol, Polysorbate 20, Hydroxyethyl Acrylate/Sodium Acryloyldimethyl Taurate Copolymer, Xanthan Gum, Polyacrylate Crosspolymer-6, Silica, Acacia Gum, Phenoxyethanol, Ethylhexylglycerin, Trisodium Ethylenediamine Disuccinate"
"Biotique Sun Shield Sandalwood 50+SPF UVB Sunscreen Ultra Protective Lotion For All Skin Types, 120ml",205.,4.2 out of 5 stars,"7,536 ratings","Safed Chandan (Santalum album),Ashwagandha (Withania somnifera),Nag kesar(Mesua ferrea),Ankurit Gehun (Triticum vulgare),Madhu (Honey),Arjun (Terminalia arjuna),Rakt Chandan (Pterocarpus santalinus),Lodhra (Symplocos racemosa),Mom (Bees wax) ,Sunfloweroil,Himalayan Water Q.S"
"Aqualogica Glow+ Dewy Sunscreen SPF 50 PA+++ For UVA/B & Blue Light Protection, for Glowing & Well Protected Skin, Cream, 50G",338.,4.3 out of 5 stars,"5,624 ratings","Aqua,Titanium Dioxide, Suncat DE, Sodium Polyacrylate, Glycerin, Zinc Oxide, Xylitol, Phospholipids, Caprylic Acid, Glyceryl Stearate, Dimethicone, Hyaluronic Acid, Helianthus Annuus (Sunflower) Seed Oil, D-AlphaTocopheryl Acetate, Ceramide 11, Carica Papaya (Papaya) Fruit Extract, Aloe Barbadensis Leaf Juice (Aloe Vera), Sodium Lactate, Trehalose, Sodium Benzoate, E-Ascorbic acid (Vitamin C), Sodium Levulinate, Phenoxyethanol, Allantoin, Melanin"
"Fixderma Shadow Sunscreen SPF 30+ Gel Sunscreen For Oily Skin, Sun Screen Protector SPF 30 For Body & Face, Broad Spectrum For UVA & UVB Protection Non Greasy & Water Resistant For Unisex, 40g",187.,4.4 out of 5 stars,"3,985 ratings",
"Aqualogica Radiance+ Dewy Sunscreen Cream With Watermelon & Niacinamide | Spf 50+ |Pa+++ | Protects From Uva, Uvb | For Complete Sun Protection | 50 G",338.,4.2 out of 5 stars,"2,449 ratings","Aqua, Suncat DE, Starch, C12-15 Alkyl Benzoate, Parsol TX, Aloe Barbadensis Leaf Juice, Glycerin, Acrylates/C10-30 Alkyl Acrylate Crosspolymer, Silica, Niacinamide, Sodium Lactate, Ethylhexyl Palmitate, Isopropyl Myristate, Steareth-2, Betaine, Citrullus Lanatus (Watermelon) Fruit Extract, Tocopheryl Acetate, Phenoxyethanol, Sodium Benzoate, Sodium Gluconate, Sodium Hydroxide, IFRA Certified Allergen Free Fragrance."
"Lacto Calamine Sunshield Matte Look Sunscreen SPF50 PA+++ for Oily or Acne prone skin, Very Water Resistant, Paraben & Sulphate free, 50g",193.,3.9 out of 5 stars,"14,951 ratings",
"Dr. Sheth's Sunscreen SPF 50 Cream with Ceramide & Vitamin C for Oily, Sensitive, Dry Skin | For Intense Hydration | Non Greasy, Quick Absorbing | Zero White Cast | PA+++ | For Women & Men | 50g",429.,4.2 out of 5 stars,"2,438 ratings","Aqua,Titanium Dioxide, Ethylhexyl Methoxycinnamate, Butyl Methoxydibenzoylmethane, Octocrylene, 1,3 Butylene glycol, Lecithin, Phenoxyethanol, Sodium Polyacrylate, Glycerin, Zinc Oxide, Xylitol, Terminalia Ferdinandiana Fruit Extract, Phospholipids, Caprylic Acid, Glyceryl Stearate, E-Ascorbic acid, Dicaprylyl carbonate, Hyaluronic Acid, Helianthus Annuus(Sunflower) Seed Oil, D-AlphaTocopheryl Acetate, Ceramide NP, Ceramide AP, Ceramide EOP, Phytosphingosine, Cholesterol"
"Aroma Magic Sunscreen Sun Block Lotion, SPF 30, 50ml",179.,4.1 out of 5 stars,"10,930 ratings","Purified Water, Organic Beeswax, Zinc Oxide, Daucus Carota Sativa Seed Oil, Vegetable Glycerin, Triticum Vulgare Germ Oil, Camellia Sinensis Extract, Aloe Barbadensis Gel, Simmondsia Chinensis Seed Oil, Anthemis Nobilis Essential Oil, Ascorbic Acid, Helichrysum Flower Essential Oil, Calendula Officinalis Essential Oil, Sodium Riboflavin Phosphate, Panthenol"
"WOW Skin Science Sunscreen SPF 55 PA+++ Matte Look Ultra Light | Broad Spectrum- UVA&UVB Protection |No White Cast | With Raspberry rich in Vitamin C, Avocado, and Carrot Seed Extract | No Parabens, Sulphates |All Skin Types | For Women & Men- 100ml",314.,4.0 out of 5 stars,"5,123 ratings","Purified Water, Octyl methoxycinnamate (and) Octocrylene (and) Butyl Methoxydibenzoylmethane (and) Homosalate, Glyceryl Monostearate, Caprylic/Capric Triglycerides, Glycerin (Vegetable Derived), Cetostearyl Alcohol, Stearic Acid, Titanium Dioxide, Aluminum Starch Octenylsuccinate, Brassica Campestris/Aleurites Fordi Oil Copolymer, Raspberry Extract, Avocado Oil, Carrot Seed Extract, Phenoxyethanol, Capryloyl Glycine (and) Undecylenoyl Glycine, Tocopheryl Acetate (Vitamin E), Sodium Benzoate, Fragrance, Acrylates/C10-30 Alkyl Acrylate Crosspolymer, Triethanolamine & Disodium EDTA."
"Re' Equil Ultra Matte Dry Touch Sunscreen Gel Spf 50 Pa++++, Water Resistant With Zinc Oxide And Titanium Dioxide 50G",702.,4.3 out of 5 stars,"5,772 ratings","Cyclopentasiloxane & Dimethicone Cross Polymer, Caprylyl Methicone and PEG-10 Dimethicone/ PPG-20 Crosspolymer, Octinoxate, C12-15 Alkyl Benzoate, Diethylamino Hydroxybenzoyl Hexyl Benzoate, Diethylhexyl Butamido Triazone, Caprylyl Methicone, Zinc Oxide, Titanium Dioxide, Bisethylhexyloxyphenol Methoxyphenyl Triazine, Caprylic Capric Triglyceride, Physalis Angulata Extract, Diethylhexyl Syringylidenemalonate, Fragrance."
"Lotus Herbals Safe Sun Invisible Matte Gel Sunscreen SPF 50 PA+++ , For Men & Women, Non-Greasy, Suitable for Oily Skin, 50g,White",225.,4.1 out of 5 stars,"5,293 ratings","Ingredients: Comfrey (Symphytum Officinale), Sebum Control Vanilla (Vanila Plamifolia), Soothing Horse Chestnut (Trapa Bispinosa), UV Protector."
"Dot & Key Vitamin C + E Super Bright Sunscreen Liquid SPF 50+++ | Sunscreen SPF 50 for For Even Toned & Glowing Skin, No White Cast, Water-Light, UVA/B & Blue Light Protection, Better Vitamin D Absorption, 50g",396.,4.3 out of 5 stars,661 ratings,"Aqua, Ethylhexyl Methoxycinnamate (and) Butyl Methoxydibenzoylmethane (and) Benzophenone-3 (and) Phospholipids, Diethylhexyl Carbonate, Titanium Dioxide (and) Silica, Glyceryl Citrate/Lactate/Linoleate/Oleate, Caprylic/Capric Triglyceride, Coco-Caprylate/Caprate, Glycerin, Propanediol, Polyacrylate-13 (and) Polyisobutene (and) Polysorbate 20, Polyacrylate Crosspolymer 6 , Ascorbyl Glucoside , Fructooligosaccharides (and) Beta Vulgaris Root Extract, Tocopheryl Acetate, Terminalia Ferdinandiana (Kakadu Plum) Fruit Extract, Citrus Cinennsis (Blood Orange) Fruit Extract, Phenoxyethanol , Ethylhexylglycerin, Trisodium Ethylenediamine Disuccinate, Xanthan Gum, Citric Acid."
Fixderma Shadow Sunscreen SPF 50+ Cream | Sunscreen for Dry Skin | Broad Spectrum Sunscreen for UVA & UVB Protection | Sunscreen for Women & Men | Non Greasy & Water Resistant - 40gm,285.,4.4 out of 5 stars,"3,324 ratings",
"Lakme Sun Expert SPF 30 Ultra Matte Lotion, 50 ml",199.,4.1 out of 5 stars,"1,523 ratings",
"Biotique Sun Shield Sandalwood 50+SPF UVB Sunscreen Ultra Protective Face Lotion For All Skin Types, 50ml",149.,4.0 out of 5 stars,"3,833 ratings",
"UrbanBotanics Advance Ultra Light Sunscreen SPF 50 PA+++ - Oil Free - Non Comedogenic- Water/Sweat Resistant - Protect against UVA/UVB Rays - Zero White Cast - For Men & Women, 50g",299.,4.7 out of 5 stars,64 ratings,
"Mamaearth Daily Glow Sunscreen SPF 50 PA+++, No White Cast with Vitamin C & Turmeric for Sun Protection & Glow - 50 g",296.,3.8 out of 5 stars,"1,227 ratings","Aqua, Octisalate, C12-15 Alkyl Benzoate, Octocrylene, Sorbitan Stearate, Sucrose Cocoate, Homosalate, Butyl Methoxydibenzoylmethane, Zinc Oxide, Cetearyl Ethylhexanoate, Propylene Glycol, Cetearyl Alcohol, Glyceryl Stearate, Glycerin, Hydroxyethyl Acrylate/Sodium Acryloyldimethyl Taurate Copolymer, Phenoxyethanol, Ethylhexyl Triazone, Tinosorb-M, Turmeric Root Extract, Orange Peel Extract (Vitamin C), Lemon Fruit Extract, Butylated Hydroxy Toluene, Disodium EDTA, Citric Acid & IFRA Certified Allergen Free Fragrance."
"La Shield Pollution Protect Mineral Sunscreen Gel Spf 50, WHITE, 50 gram",209.,3.8 out of 5 stars,"4,360 ratings",
Foxtale Essentials Brightening SPF 50 Sunscreen with Vitamin C and Niacinamide | UVA and UVB filters | No White Cast | Non-Greasy Formula | Anti-Tan Formula | Men & Women | 50 ml,297.,4.8 out of 5 stars,21 ratings,"Aqua, C12-15 Alkyl benzoate, Propylene glycol, Diethylamino Hydroxybenzoyl Hexyl Benzoate, Dimethicone, Cetearyl Olivate (and) Sorbitan Olivate, Ethylhexyl Triazone, Glyceryl monostearate, Phenoxyethanol, Ethylhexylglycerin, Octenidine HCl, Niacinamide, Tris-Biphenyl Triazine (and) Aqua (and) Decyl Glucoside (and) Butylene Glycol (and) Disodium Phosphate (and) Xanthan Gum, Acrylates/C10-30 Alkyl Acrylate Crosspolymer, Simethicone, Ethyl ascorbic acid, Tocopherol, Aminomethyl propanol, Disodium EDTA, Allergen free fragrance"
"Mamaearth Hydragel Indian Sunscreen Spf 50, With Aloe Vera & Raspberry, For Sun Protection - 50G",338.,4.0 out of 5 stars,"5,288 ratings","Aqua, Aloe Vera Juice, Acrylates/C10-30 Alkyl Acrylate Crosspolymer, Propane-1,3 Diol, C12-15 Alkyl Benzoate, SunCat MTA, Raspberry Seed Oil, Methyl Glucose Sesquistearate, Potassium Cetyl Phosphate, Glyceryl Caprylate, Glyceryl Undecylenate, Trisodium Ethylenediamine Disuccinate, Diethylhexyl Carbonate, Cetearyl Octanoate, Diethlhexyl Butamido Triazone, Bis-Ethylhexyloxphenol Methoxyphenyl Triazine, Sodium Hydroxide, Sodium Acrylates/Beheneth-25 Methacrylate Crosspolymer, Hydrogenated Polydecene, Lauryl Glucoside & IFRA Certified Allergen Free Fragrance."
"Glenmark Episoft AC Moisturizer with Sunscreen, SPF 30+, Anti-acne Benefits, Anti-hyperpigmentation | For Men and Women, 75 gms",480.,4.4 out of 5 stars,"1,603 ratings","Purified Water, Ethylhexyl Methoxycinnamate, Benzophenone-3, Butylmethoxy Dibenzoylmethane, Caprylic / Capric Triglycerides, Glycerin, Propanediol, Propylene Glycol, Hydroxyethyl Acrylate/Sodium Acrylol Dimethyl Taurate Copolymer, D-Panthenol, Diazodinyl Urea, Disodium Edta."
"Lotus Herbals Safe Sun Sunscreen Cream - Breezy Berry SPF 20 PA+ Sweat & Waterproof Non-Greasy 50g,White",119.,4.1 out of 5 stars,"3,492 ratings",
Minimalist Sunscreen Cream SPF 60 PA ++++ | Acne Safe | Pregnancy Safe | Photo stable | No White Cast With Potent Antioxidants | For All Skin Types | 50 gm,569.,4.2 out of 5 stars,"1,825 ratings","Aqua, Isododecane, Diethylamino Hydroxybenzoyl Hexyl Benzoate, Diisopropyl Adipate, Propylene Glycol Dicaprylate/Dicaprate, C12-15 Alkyl Benzoate, Diisopropyl Sebacate, Ethylhexyl Triazone, Arachidyl Alcohol, Behenyl Alcohol, Arachidyl Glucoside, Bis-Ethylhexyloxyphenol Methoxyphenyl Triazine, Titanium Dioxide, Nylon-12, Caprylic/Capric Triglyceride, PEG-100 Stearate, Glyceryl Stearate, Butylene Glycol, Silybum Marianum Fruit Extract, Sodium Hyaluronate, Tocopherol Acetate, Silica, Xanthan Gum, Hydroxyethyl Acrylate/Sodium Acryloyldimethyl Taurate Copolymer, Polyacrylate Crosspolymer-6, Acacia Gum, Allantoin, Phenoxyethanol, Ethylhexylglycerin, Trisodium Ethylenediamine Disuccinate"
"Lakme Sun Expert Tinted Sunscreen 50 SPF, 50 g",240.,4.1 out of 5 stars,"4,416 ratings",
"Mamaearth Ultra Light Indian Sunscreen Cream with Carrot Seed, Turmeric and SPF 50 PA+++ (80ml)",423.,4.1 out of 5 stars,"7,087 ratings","Aqua, Triheptanoin, Butyloctyl Salicylate, Titanium Dioxide, Alumina, Stearic Acid, Polyhydroxystearic Acid, Neopentyl Glycol Diheptanoate, Glyceryl Stearate Citrate, Parsol MCX, Avobenzone, Octocrylene, Propanediol, Glycerin, Glyceryl Monostearate, Dicaprylyl Carbonate, Silica, Butylene Glycol, Bemotrizinol, Cetostearyl Alcohol, Glyceryl Caprylate, Glyceryl Undecylenate, Carrot Seed Oil, Tetrahydrocurcumin (Turmeric), Acrylates/C10-30 Alkyl Acrylate Cross polymer, Acacia Senegal Gum, Xanthan Gum, Phospholipids, Sodium Hydroxide, Cananga Oil, Orange Oil."
Brinton Healthcare Uvdoux Face & Body Sunscreen Gel With Spf 50 Pa+++ In Matte Finish And Oil Free Formula| Water Resistant Sunscreen| Protection Against Uva/Uvb Rays (50 Gm),594.,4.4 out of 5 stars,"5,646 ratings",
"L'SENSA Sunscreen SPF 50 P+++, 6hr Sun Protection & Waterproof, Made with Korean Technology, Free from Oxybenzone, For Oily, Sensitive & Ace Prone Skin, Make-Up Friendly For Women & Men, 50Gram",294.,4.3 out of 5 stars,534 ratings,Sunscreen Lotion
"Nivea Sun Lotion, SPF 30, Water Resistant Sunscreen For Men & Women, 75ml",234.,4.0 out of 5 stars,"2,251 ratings",All natural
"Aqualogica Hydrate+ Sunscreen with SPF 50 For UVA/B & Blue Light Protection, Gel, 50G",338.,4.3 out of 5 stars,"1,757 ratings","Aqua, Titanium Dioxide, Suncat DE, Sodium Polyacrylate, Glycerin, Zinc Oxide, Xylitol, Phospholipids, Caprylic Acid, Glyceryl Stearate, Dimethicone, Hyaluronic Acid, Helianthus Annuus, (Sunflower) Seed Oil, D-Alpha Tocopherol Acetate, Ceramide 11, Coconut Water, Aloe Barbadensis Leaf Juice, Sodium Lactate, Trehalose, Sodium Benzoate, E-Ascorbic Acid, Sodium Levulinate, Phenoxyethanol, Allantoin, Melanin, Added Food Colour, IFRA Certified Allergen Free Fragrance"
"Nivea Sun Lotion, SPF 50, With Uva & Uvb Protection, Water Resistant Sunscreen For Men & Women, 75ml",424.,4.1 out of 5 stars,"8,725 ratings",
Dot & Key Watermelon Hyaluronic Cooling Sunscreen SPF 50 PA+++| for Moisturized Skin| UV + Blue Light Protection | Lightweight | No White Cast | Boosts Vitamin D Absorption I Quick Absorbing | 50g,396.,4.4 out of 5 stars,278 ratings,"Aqua, Ethylhexyl Methoxycinnamate, Butyl Methoxydibenzoylmethane, Benzophenone-3, Phospholipids, 1,3 Butylene Glycol, Glycerin, Starch, C12-15 Alkyl Benzoate, Titanium Dioxide, Silica, Dimethicone, Aloe Barbadensis Leaf Juice, Ethylhexyl Palmitate, Isopropyl Myristate, Citrullus Lanatus (Watermelon) Fruit Extract, Acrylates/C10-30 Alkyl Acrylate Crosspolymer, Sorbitan Stearate, Sucrose Cocoate, Sodium Lactate, Glyceryl Stearate, PEG-100 Stearate, Betaine, Fructooligosaccharides, Beta Vulgaris (Beet) Root Extract, Tocopheryl Acetate, Menthyl Lactate, Oxothiazolidine, Phenoxyethanol, Sodium Benzoate, Sodium Hydroxide, Sodium Gluconate, Sodium Hyaluronate."
"RE' EQUIL Oxybenzone and OMC Free Sunscreen For Oily, Sensitive & Acne Prone Skin, SPF 50 PA+++ - 50g",495.,4.2 out of 5 stars,"7,574 ratings",
"La Shield SPF 40 & PA+++ Mineral Based Sunscreen Gel | Suitable For All Skin Types, 50 Grams",580.,4.4 out of 5 stars,"4,977 ratings","Cyclopentasiloxane, Dimethicone Crosspolymer, Octinoxate,C12-15 Alkyl Benzoate, Diethylamino Hydroxybenzoyl Hexyl Benzoate, Bis-Ethylhexyloxyphenol Methoxyphenyl Triazine, Divinyldimethicone/Dimethicone/Phenylsilsesquioxane, Crosspolymer, Talc, Titanium Dioxide, Diethylhexyl Butamido, Triazone, Silicon Dioxide, Colloidal Silicon Dioxide, Fragrance, Dimethicone."
"Lotus Herbals Safe Sun Invisible Matte Gel Sunscreen SPF 50 PA+++ , For Men & Women, Non-Greasy, Suitable for Oily Skin, 100g,Orange",315.,4.1 out of 5 stars,"15,339 ratings",Comfrey (Symphytum Officinale) :Sebum Control Vanilla (Vanila Plamifolia) :Soothing Horse Chestnut (Trapa Bispinosa) :UV Protector
"VLCC De Tan Sunscreen Gel Crème SPF 50 PA+++, Fades Tan & Enhances Glow, 125gm",331.,3.9 out of 5 stars,"5,690 ratings","Cucumber, Aloe vera extract, Carrot, Saxifraga extract"
"Biotique Morning Nectar Sun Protect Moisturizer Lotion For Visibly Flawless Skin All Skin Types, 120 ml",122.,4.1 out of 5 stars,"14,070 ratings","Ghritkumari (Aloe barbedensis), Methi (Trigo foenum graecum), Madhu (Honey), Ankurit gehun (Tritcum vulgare), Kusumbhi (Carthamus tinstorious), Lotion base Q.S"
"LAKMÉ Sun Expert Tinted Cream Sunscreen 50 SPF, 100ml",351.,4.3 out of 5 stars,"2,866 ratings","Water, Cyclopentasiloxane, Glycerine, Ethylhexyl, Methoxycinnamate, Zinc Oxide, Phenulbenzimidazole, Sulfonic Acid, Dimethicone Crosspolymer, Potassium Chloride Peg-10 Dimethicone, Caprylic Capric Triglyceride, Niacinamide, Sodium Hydroxide, Perfume, Titanium Dioxide, Disteardimonium Hectorite, Triethoxycaprylsilane, Dmdm Hydantoin, Magnesium Sulfate Heptahydrate, Cyclotetrasiloxane, Sucrose Distearate, Allantoin, Tocopheryl Acetate, Disodium Edta, Butylene Glycol, Iodoprpynyl Butyl Carbamate, Lemongrass Extract Cucumber Juice, Aluminium Hydroxide, Dimethicone, Methicone, Ci 77492, Ci 7749, Alpha-iso methyl Ionone, Benzyl Salicylate, Citronellol, Geraniol, Hexyl Cinnamal, Limonene And Linalool."
"Undry Hydrating Sunscreen for Dry Skin (50gm) Lightweight, Photostable Sunscreen SPF 50 Broad Spectrum Sun Screen Protector SPF 50 Sunscreen for Women & Sunscreen for Men; Sun Cream with HA & Ceramide",335.,4.8 out of 5 stars,"1,188 ratings","Sun Protection Ingredients: SunCat MTA, Titanium Dioxide, Zinc Oxide"
"The Derma Co Pore Minimizing Priming Cream Sunscreen with SPF 50 & PA+++ for Open Pores & UVA/UVB Protection, 50g",338.,4.2 out of 5 stars,279 ratings,"Aqua, Ethylhexyl Methoxycinnamate, Butyl Methoxydibenzoylmethane, Benzophenone-3, Phospholipids, 1,3 Butylene Glycol, Niacinamide, Glycerin, Starch, C12-15 Alkyl Benzoate, Titanium Dioxide, Silica, Dimethicone, Aloe Barbadensis Leaf Juice, Ethylhexyl Palmitate, Isopropyl Myristate, Phenoxyethanol, Acrylates/C10-30 Alkyl Acrylate Crosspolymer, Sodium Lactate, Sorbitan Stearate, Sucrose Cocoate, Glyceryl Stearate, PEG-100 Stearate, Cinnamomum Cassia Bark Extract, Zingiber Officinale (Ginger) Root Extract, Sanguisorba Officinalis Root Extract, Lens Esculenta (Lentil) Seed Extract, Allantoin, Propanediol, Maclura Cochinchinensis Leaf Prenylflavonoids, Tocopheryl Acetate, Hamamelis Virginiana (Witch Hazel) Extract, Sodium Benzoate, Sodium Hydroxide, Sodium Gluconate and Sodium Hyaluronate."
Plum 2% Niacinamide & Rice Water Hybrid Face Sunscreen with SPF 50 PA+++ | Protects & Brightens Skin | No White Cast | Reduces Blemishes | Non-Greasy | UVA & UVB Protection | All Skin Types | 50 g,359.,4.2 out of 5 stars,80 ratings,
"La Shield Fisico SPF 50+ & PA+++ Mineral Based Sunscreen Gel | Lightweight | Transparent | Water Resistant, 50 Grams",510.,3.9 out of 5 stars,"4,870 ratings","Zinc Oxide, C12-15 Alkyl Benzoate, Isostearic Acid, Polytydroxysferuc acid, Cyclopentasiloxane, Dimethicone Crosspolymer, Dimethicone PPG 20 Crosspolymer and DL Tocopherol Acetone"
WishCare SPF50 Sunscreen Body Lotion - Broad Spectrum - UVA & UVB Protection with No White Cast - With Carrot Seed & Raspberry - For Men & Women - 200 Ml,375.,4.3 out of 5 stars,576 ratings,"Aqua, Octocrylene, Octyl Salicylate, Glycerine, Glyceryl Monosterate, Cetyl Alcohol, Cetosteryl Alcohol, Emulsifying Wax, Acrylate Crosspolymer, Tinosorb-M, Olive Squalane, Black Sesame Seed Oil, Safflower Oil, Isopropyle Palmitate, Niacinamide, Green Tea Extract, Xanthum Gum, Hydroxyethyl Cellulose, Phenoxyethanol, Ethylhexyl Glycerin, Potassium Sorbate, Sodium Benzoate, Citric Acid."
"The Derma Co C-Cinamide Sunscreen SPF 50 Aqua Gel, with Vitamin C & Niacinamide, PA++++, Lightweight, No White Cast for Sun Protection & Glowing Skin - 50gm",423.,4.4 out of 5 stars,195 ratings,"Aqua, C12-15 Alkyl Benzoate, Ethylhexyl Methoxycinnamate, Dimethicone, Butyl Methoxydibenzoylmethane, Sodium Acrylates Copolymer, Propanediol, Benzophenone-3, 1,3-Butylene Glycol, Phenoxyethanol, Lecithin, Ethoxydiglycol, Phospholipids, Xylitol, Glucose, Propylene Glycol, Niacinamide, Sodium Gluconate, Vaccinum Sect. Cyanococcus (Blueberry) Fruit Extract, Ethylhexylglycerin, Anhydroxylitol, Citrus Paradisi (Grapefruit) Extract, Phoenix Dactylifera Extract, Sodium Ascorbyl Phosphate and Sodium Hyaluronate"
"Dr. Sheth's Haldi & Hyaluronic Acid Cream Sunscreen With 1% Hyaluronic Acid & 1% Turmeric Extract, Spf 50+ PA+++ Hydrating & Brightening, Protects Against UVA/UVB & Blue Light For Unisex, 50g",429.,4.2 out of 5 stars,679 ratings,
"Himalaya Herbals Protective Sunscreen Lotion, 100ml",165.,4.0 out of 5 stars,"2,748 ratings","Aloe Vera, Crab Apple, Greater Galangal, Spiked Ginger Lily"
Aqualogica Detan+ Dewy Sunscreen with Cherry Tomato & Hyaluronic Acid with SPF 50 & PA++++ - 50g,338.,4.6 out of 5 stars,175 ratings,"Aqua, C12-15 Alkyl Benzoate, *Ethylhexyl Methoxycinnamate, Dimethicone, Sodium Acrylates Copolymer, *Butyl Methoxydibenzoylmethane, Glycerin, Benzophenone-3, 1,3-Butylene Glycol, Phenoxyethanol, Lecithin, Sodium Levulinate, Xylitol, Glucose, Propylene Glycol, Phospholipids, Ethoxydiglycol, Niacinamide, *Oxothiazolidine, Anhydroxylitol, Aloe Vera Leaf Juice, Allantoin, Glyceryl Stearate, D-Alpha Tocopheryl Acetate, Blueberry Fruit Extract, Grapefruit Extract, Date Palm Extract, Glyceryl Glucoside, Zinc Oxide, Cyclopentasiloxane, Hyaluronic Acid, PEG-10 Dimethicone, Sunflower Seed Oil, E-Ascorbic Acid, **Cherry Tomato Extract, C9-12 Alkane, Hydrogen Dimethicone, Titanium Dioxide, Aluminum Hydroxide and Polyhydroxystearic Acid."
"Lakme Sun Expert SPF 50 Gel, 50 g",228.,4.0 out of 5 stars,"1,889 ratings",
"Deconstruct Tinted Mineral Sunscreen SPF 55+ and PA++++ | Sunscreen cream for Women & Men with Zinc Oxide filters | Broad Spectrum, Water & Sweat resistant , photostable, no White Cast | For all skin types, 50gm",505.,5.0 out of 5 stars,2 ratings,"Aqua, Zinc oxide, C12-15 Alkyl benzoate, Iso stearic acid, C13-15 Alkane, Silica, Undecane, Tridecane, Ceto Stearyl Alcohol, Pentylene Glycol, Glycerin, Niacinamide, Polyglyceryl-3 Polyricinoleate, Titanium Dioxide, C12-15 Alkyl Benzoate, Isodecyl Neopentanoate, C15-19 Alkane, Disteardimonium Hectorite, Phenoxyethanol, Ethylhexylglycerin, Hydroxyapatite, Caprylic/Capric Triglyceride, Sodium Chloride, C.I.No.77491, Stearic acid, Calcium carbonate, C.I.No.77492, Jojoba Esters, Polyhydroxystearic acid, C.I.No.77499"
"RENEE Glowscreen SPF 50 Sunscreen Spray - 50ml, PA++++ For UVA & UVB Protection, Enriched with Hyaluronic acid & Vitamin C| Lightweight, Non Greasy, Quick Absorbing with No White Cast",279.,4.5 out of 5 stars,226 ratings,"All Ingredients: Aqua, Caprylic/Capric Triglyceride, Glycerine, Isopropyl Myristate, Ethylhexyl Methoxycinnamate (and) Octocrylene (and) Ethylhexyl Salicylate (and) Butyl Methoxydibenzoylmethane (and) Benzophenone-3, Hyaluronic acid, Vitamin C, Glyceryl Stearate (and) PEG-100 Stearate, Fragrance, Synthetic Fluorophlogopite and Titanium Dioxide, Mica (and) Titanium Dioxide, DMDM Hydantoin (and) Methylchloroisothiazolinone/Methylisothiazolinone, Acrylates/C10-30 Alkyl Acrylate Crosspolymer, Triethanolamine, Disodium EDTA"
"Deconstruct Face Gel Sunscreen | SPF 55+ and PA+++ | Broad spectrum, No White Cast, Lightweight, Non greasy | For all skin types, 50g",321.,4.2 out of 5 stars,215 ratings,"Aqua, Glycerine, Cetearyl Olivate, Sorbitan Olivate, Ethylhexyl Methoxycinnamate, Glyceryl Behenate, Butyl Methoxydibenzoylmethane, Sodium Polyacrylate Starch, Benzophenone-3, 1,3-Butylene Glycol, Phenoxyethanol, Ethylhexylglycerin, Butyloctyl Salicylate, Phospholipids, Sodium gluconate, Triethanolamine, Acrylates/C10-30 Alkyl Acrylate Crosspolymer"
"Lakme Sun Expert SPF 50 Ultra Matte Lotion, 50 ml",211.,4.1 out of 5 stars,"5,371 ratings",
"WishCare Invisible Gel Sunscreen SPF 50+ PA++++ - Ultra Light Weight, Oil Free with Broad Spectrum Protection & No White Cast - 50 Grams",375.,4.2 out of 5 stars,271 ratings,"Aqua, Propylene Glycol, Octocrylene, Octyl Salicylate, Squalane, Glycerine, C12-15 Alkyl Benzoate, Tinosorb M, Tinosorb S, Sunflower Oil, Coconut Oil, Shea Butter, Cocoa Butter, Raspberry Fruit, Hydroxyethyl Cellulose, Disodium EDTA, Zc Oxide, Titanium Dioxide, Hyaluronic Acid, Potassium, Sorbate, Sodium Benzoate, Green Tea, Phenoxyethanol, Ethylhexylglycerin."
Plum 2% Niacinamide & Rice Water Hybrid Face Sunscreen with SPF 50 PA+++ | Protects & Brightens Skin | No White Cast | Reduces Blemishes | Non-Greasy | UVA & UVB Protection | All Skin Types | 100% Vegan | 15 g,141.,4.2 out of 5 stars,3 ratings,
"Mamaearth Rice Sunscreen Gel With SPF 50 PA +++ with Rice Water & Niacinamide for UVA & UVB Protection, No White Cast, Lighweight, for all skin types - 50 g",381.,4.4 out of 5 stars,174 ratings,"Aqua, Suncat DE™, Glycerin, Starch, C12-15 Alkyl Benzoate, Parsol TX, Aloe Barbadensis Leaf (Aloe Vera) Juice, Ethylhexyl Palmitate, Isopropyl Myristate, Acrylates/C10-30 Alkyl Acrylate Crosspolymer, Niacinamide, Sodium Lactate, Sorbitan Stearate, Sucrose Cocoate, Betaine, Glyceryl Stearate, Oryza Sativa (Rice) Bran Water, Tocopheryl Acetate, Phenoxyethanol, Sodium Benzoate, Sodium Gluconate, Sodium Hydroxide, Sodium Hyaluronate & IFRA Certified Allergen Free Fragrance."
"Lotus Herbals Tinted Sunscreen Spf 40 Cream, 50g",212.,4.1 out of 5 stars,"11,222 ratings",DAA
"BELLO Photostable Photostable Sunscreen Gel SPF 55+ Pa+++, 50 Grams (Pack of 2)","1,199.",4.3 out of 5 stars,249 ratings,"Antioxidant: Vitamin E Acetate Sunscreen: Ethylhexyl Methoxycinnamate (Uvinul Mc 80) (7.5%), Methylene Bis-Benzotriazolyl Tetramethylbutylphenol (Tinosorb M) (5.0%), Ethylhexyl Triazone (Uvinul T 150) (3.0%), Bis- Ethylhexyloxyphenol Methoxyphenyl Triazine (Tinosorb 8) (2.8%), Diethylamino Hydroxybenzoyl Hexyl Benzoate (Uvinul A Plus Granular) (2.5%)"
"Himalaya Herbals Protective Sunscreen Lotion, 50ml",94.,3.8 out of 5 stars,105 ratings,"Aloe Vera, Crab Apple, Greater Galangal, Spiked Ginger Lily"
"Aroma Magic Aloe Vera Sun Screen Gel, SPF 20, 50ml",153.,4.0 out of 5 stars,"2,412 ratings",
"Biotique Sun Shield Sandalwood 50+SPF UVB Sunscreen Ultra Protective Face Cream For All Skin Types, 50gm",169.,4.0 out of 5 stars,"3,957 ratings",Sandalwood
Aroma Magic Cucumber Sunscreen Lotion -20 ml (Pack Of 3),250.,Previous page,,"Purified Water, Organic Beeswax, Zinc Oxide, Cucumis Sativus Extract, Vegetable Glycerin, Triticum Vulgare Germ Oil, Cocos Nucifera Oil, Aloe Babadenis Gel, Ascorbic Acid, Anthemis Nobilis Essential Oil, Commiphora Myrrha Essential Oil, Boswellia Carteri Essential Oil, Sodium Riboflavin Phosphate, Panthenol, Glycine Soja Oil"
"RENEE Glowscreen SPF 50 Sunscreen Cream - 50ml, PA++++ UVA & UVB Protection, Hyaluronic Acid & Vitamin C Enriched | Non-Greasy, Quick Absorbing Matte Formula, No White Cast - Ultimate Skin Protection",279.,4.5 out of 5 stars,296 ratings,"All Ingredients: Aqua , Homosalate, Octyl methoxycinnamate, Octocrylene, CI 77891, Glycerine , Sodium Acrylate/Acryloyldimethyltaurate/Dimethylacrylamide Crosspolymer (and) Isohexadecane (and) Polysorbate 60, Cyclopentasiloxane, Cetyl alcohol , Niacinamide (Vitamin B3), Hyaluronic acid, Vitamin C, Portulaca Oleracea extract , Aloe Barbadensis Leaf Extract, Althaea Rosea Flower Extract, Plukenetia volubilis seed oil, Nelumbo Nucifera Flower Water, Butyl Methoxydibenzoylmethane, PEG-40 hydrogenated castor oil, Glyceryl Stearate (and) PEG-100 Stearate, Cetearyl Olivate, Fragrance , Tocopherol , Phenoxyethanol , Zinc oxide , Disodium EDTA"
Photostable Gold Sunscreen Gel SPF-55 (100 gm) - Pack of 1,737.,4.3 out of 5 stars,121 ratings,"Ethylhexyl Methoxycinnamate, Methylene Bis-benzotriazole"
"Lakme Sun Expert SPF 50 Ultra Matte Lotion, 100 ml",330.,4.2 out of 5 stars,"6,338 ratings","Aqua,Para Phenylene Diamine,Moneothanolamine,Hydroxypropyl Methyl Cellulose,Resorcinol,L-ascorbic acid,Propylene,Glycol,Pearl extract,Metaminophenol,Butylated Hydroxytoluene,2,4-diaminophenoxyethanol dihydrochloride,Ammonium Laureth Sulphate,Hydrogen Peroxide,Acrylates Copolymer,Cocamidopropyl,Betaine,Cocamide DEA,Salcyclic acid,Perfume"
"VLCC Water Resistant Sunscreen Gel Creme SPF 60 PA+++, Long Lasting Protection, Resists Tanning, Moisturises Skin, 125gm",407.,4.1 out of 5 stars,"2,876 ratings","Ceramide III, Niacinamide & Aloe Vera, Cucumber, Grape & Carrot extracts"
"La Shield Pollution Protect | Mineral Based Sunscreen Gel | For Expert Urban Protection, SPF 40 And PA+++, 50 Grams",192.,3.9 out of 5 stars,"1,168 ratings",
"mCaffeine Green Tea Sunscreen SPF 50 PA ++ with Niacinamide & Hyaluronic Acid | Protects against UVA & UVB, Repairs Skin Barrier & Prevents Premature Aging | No White Cast & Water Resistant - 50g",346.,4.8 out of 5 stars,217 ratings,Niacinamide
"Plum Green Tea Daylight Sunscreen Gel | SPF For Oily, Acne Prone Skin | Green Tea Extracts | SPF 35 | Effective Sun Protection | No White Cast | 100% Vegan | Cruelty Free | 50ml",402.,4.2 out of 5 stars,"1,895 ratings","Aqua, 1,3-butylene glycol, aloe barbadensis (aloe) leaf juice, ammonium acryloyldimethyltaurate/vp copolymer, argania spinosa (argan) kernel oil, benzophenone-3, betain, butyl methoxydibenzoylmethane, calendula officinalis flower extract, camellia sinensis (green tea) leaf extract, ethylhexyl methoxycinnamate, ethylhexylglycerin, fragrance, glycerin, glycyrrhiza glabra (licorice) root extract, lycium barbarum (goji) fruit extract, niacinamide, phenoxyethanol, phospholipids, sodium gluconate"
"Biotique Bio Sandalwood 50+ SPF UVA/UVB Sunscreen Ultra Soothing Face Lotion Water Resistant, 190ml",365.,4.3 out of 5 stars,"1,617 ratings",Natural ingredients
The Moms Co. Mineral Sunscreen for Women & Men with 25% Zinc Oxide | SPF 45+ PA++++ | Non-Greasy | Protection from UVA & UVB | No White Cast | Dermatologically Tested- 50 Gm,298.,3.6 out of 5 stars,370 ratings,"Zinc Oxide, Licorice Extract, Chamomile Extract, Calendula Extract"
"Nivea Sun Lotion, SPF 30, Water Resistant Sunscreen For Men & Women, 125ml",250.,4.1 out of 5 stars,"1,393 ratings",
"Sotrue SPF 50+ Daily Sunscreen Stick 15g | Lightweight, Water Resistant | No White Cast | Broad Spectrum PA++++ | Non Sticky With Dewy Finish | Mess Free Sun Protection | Suitable for Face & Body",497.,4.2 out of 5 stars,703 ratings,"Purified Aqua, Cyclopentasiloxane (and) Dimethicone Crosspolymer, Octocrylene, Octyl Salicylate, Octyl Methoxycinnamate, Homosalate, Cyclopentasiloxane, Avobenzone, Ozokerite Wax, Synthetic Wax, Polyethylene, Zinc Oxide, Titanium Oxide, Licorice Extract, Carrot Seed Extract, Silica, Pentylene Glycol, Microcrystalline Wax, Stearic Acid, Phospholipids, Polyurethane, Carbomer, Phenoxy Ethanol, Butylated Hydroxytoluene"
"Arata Sunscreen Gel, Ultra Light & Balancing, For Broad Spectrum UVA & UVB Protection (50 ML) | SPF 50+ & PA+++ | With Pomegranate & Red Raspberry | All Skin Types | All-Natural, Non-Toxic",349.,4.3 out of 5 stars,178 ratings,"Pomegranate, Zinc Oxide, Red Raspberry, Titanium Dioxide"
"Aroma Magic Aloe Vera Sun Screen Gel, 100ml",228.,4.2 out of 5 stars,"3,337 ratings","Purified Water, Organic Beeswax, Aloe Barbadensis Gel, Zinc Oxide, Persea Gratissima Oil, Vegetable Glycerin, Triticum Vulgare Germ Oil, Calendula Officinalis Essential Oil, Vitis Vinifera Seed Oil, Ascorbic Acid, Anthemis Nobilis Essential Oil, Mentha Piperita Essential Oil, Sodium Riboflavin Phosphate, Aloe Barbadensis Leaf Extract, Panthenol"
"Mamaearth Aloe Vera Sunscreen Face Serum with SPF 55, with Aloe Vera & Ashwagandha for UVA& B Protection - 30 ml",423.,4.1 out of 5 stars,106 ratings,"Aqua, Aloe Vera Extract, Ashwagandha Extract, Glycerin, Aquarich®, Black Oats Seed Extract, Lecithin,Potassium Sorbate, Citric Acid, Hydrogenated Polyisobutene, Ethylhexyl Methoxycinnamate, Butyl Methoxydibenzoylmethane, Benzophenone-3, Phospholipids, 1,3-Butylene Glycol, Niacinamide, Silica, Methylene Bis-Benzotriazolyl Tetramethylbutylphenol, Decyl Glucoside, Propylene Glycol, Xanthan Gum, Betaine, Phenoxyethanol, Ethylhexylglycerin, Polyacrylamide, C13-14 Isoparaffin, Laureth-7, Sodium Hyaluronate, Disodium EDTA & IFRA Certified Allergen Free Fragrance."
"Biotique Sun Shield Aloe vera 30+ SPF UVB Sunscreen Ultra Protectective Face Cream, 50g",180.,4.1 out of 5 stars,374 ratings,TWO FIFTY
Aroma Magic Aloe Vera Sunscreen Gel - SPF 20 (100 ml),325.,4.0 out of 5 stars,18 ratings,
